-- phpMyAdmin SQL Dump
-- version 4.8.4
-- https://www.phpmyadmin.net/
--
-- Host: 127.0.0.1
-- Generation Time: Apr 28, 2019 at 11:37 AM
-- Server version: 10.1.37-MariaDB
-- PHP Version: 5.6.40

SET SQL_MODE = "NO_AUTO_VALUE_ON_ZERO";
SET AUTOCOMMIT = 0;
START TRANSACTION;
SET time_zone = "+00:00";


/*!40101 SET @OLD_CHARACTER_SET_CLIENT=@@CHARACTER_SET_CLIENT */;
/*!40101 SET @OLD_CHARACTER_SET_RESULTS=@@CHARACTER_SET_RESULTS */;
/*!40101 SET @OLD_COLLATION_CONNECTION=@@COLLATION_CONNECTION */;
/*!40101 SET NAMES utf8mb4 */;

--
-- Database: `boikinun`
--

-- --------------------------------------------------------

--
-- Table structure for table `cart`
--

CREATE TABLE `cart` (
  `id` int(10) NOT NULL,
  `user_id` int(10) NOT NULL,
  `product_id` int(10) NOT NULL,
  `quantity` int(10) NOT NULL
) ENGINE=InnoDB DEFAULT CHARSET=latin1;

-- --------------------------------------------------------

--
-- Table structure for table `newbooks`
--

CREATE TABLE `newbooks` (
  `id` int(10) NOT NULL,
  `imageName` varchar(1000) NOT NULL,
  `bookName` varchar(1000) NOT NULL,
  `slug` varchar(10000) NOT NULL,
  `writerName` varchar(1000) NOT NULL,
  `publication` varchar(1000) NOT NULL,
  `subject` varchar(1000) NOT NULL,
  `price` int(8) NOT NULL,
  `quantity` int(100) NOT NULL,
  `description` varchar(5000) DEFAULT NULL,
  `date_view` date NOT NULL,
  `counter` int(100) NOT NULL
) ENGINE=InnoDB DEFAULT CHARSET=latin1;

--
-- Dumping data for table `newbooks`
--

INSERT INTO `newbooks` (`id`, `imageName`, `bookName`, `slug`, `writerName`, `publication`, `subject`, `price`, `quantity`, `description`, `date_view`, `counter`) VALUES
(1, '1554476053-2144919637.jpg', 'nature', 'nature', 'zahir', 'zahir', 'beauty', 100, 10, 'Hello!', '0000-00-00', 1),
(2, '1554951701book3.jpg', 'vallage na', 'vallage-na', 'zahir', 'zahir', 'vallage na', 50, 0, NULL, '0000-00-00', 1),
(3, '1554954116book1.jpg', 'rakib', 'rakib', 'rakib', 'rakib', 'rakib', 10, 0, NULL, '0000-00-00', 1),
(4, '1554954138book2.jpg', 'argho', 'argho', 'argho', 'argho', 'argho', 30, 0, NULL, '0000-00-00', 1),
(5, '1554954159book7.jpg', 'talat', 'talat', 'talat', 'talat', 'talat', 40, 0, NULL, '0000-00-00', 1),
(6, '1554954179book8.jpg', 'zahir', 'zahir', 'zahir', 'zahir', 'beauty', 50, 0, NULL, '0000-00-00', 1),
(7, '15563877216066showing.jpg', 'tiger', 'tiger', 'zahir', 'zahir', 'beauty', 50, 10, 'white tiger', '0000-00-00', 1),
(8, '15564233533(2).JPG', 'shapla', 'shapla', 'rakib', 'rakib', 'beauty', 10, 10, 'Beautiful Bangladesh', '0000-00-00', 0);

-- --------------------------------------------------------

--
-- Table structure for table `orders`
--

CREATE TABLE `orders` (
  `id` int(100) NOT NULL,
  `order_id` int(100) NOT NULL,
  `user_id` int(100) NOT NULL,
  `product_id` int(100) NOT NULL,
  `quantity` int(100) NOT NULL,
  `total` int(100) NOT NULL,
  `odate` date NOT NULL,
  `status` int(100) NOT NULL,
  `payment_method` varchar(1000) NOT NULL,
  `name` varchar(1000) NOT NULL,
  `phone` varchar(1000) NOT NULL,
  `aphone` varchar(1000) DEFAULT NULL,
  `address` varchar(5000) NOT NULL
) ENGINE=InnoDB DEFAULT CHARSET=latin1;

--
-- Dumping data for table `orders`
--

INSERT INTO `orders` (`id`, `order_id`, `user_id`, `product_id`, `quantity`, `total`, `odate`, `status`, `payment_method`, `name`, `phone`, `aphone`, `address`) VALUES
(6, 859, 8, 4, 10, 450, '2019-04-27', 1, 'Cash on Delivery', 'Mihon Mahmud', '1521308755', '1521308755', 'BAIUST Hostel'),
(7, 859, 8, 1, 1, 450, '2019-04-27', 0, 'Cash on Delivery', 'Mihon Mahmud', '1521308755', '1521308755', 'BAIUST Hostel'),
(8, 859, 8, 6, 1, 450, '2019-04-27', 0, 'Cash on Delivery', 'Mihon Mahmud', '1521308755', '1521308755', 'BAIUST Hostel'),
(9, 4642, 46, 1, 1, 1000, '2019-04-28', 0, 'Bkash', 'Mihon Mahmud', '+8801521308755', '+8801521308755', 'BAIUST Hostel'),
(10, 0, 0, 0, 0, 0, '0000-00-00', 0, '', '', '', NULL, ''),
(11, 0, 0, 0, 0, 0, '0000-00-00', 0, '', '', '', NULL, ''),
(12, 0, 0, 0, 0, 0, '0000-00-00', 1, '', '', '', NULL, ''),
(13, 0, 0, 0, 0, 0, '0000-00-00', 1, '', '', '', NULL, ''),
(14, 833, 8, 2, 1, 1000, '2019-04-28', 0, 'Bkash', 'Zahir Mahmud', '01745048901', '1234456789', 'iuhdiHISHDIhasid'),
(15, 833, 8, 1, 1, 1000, '2019-04-28', 0, 'Bkash', 'Zahir Mahmud', '01745048901', '1234456789', 'iuhdiHISHDIhasid');

-- --------------------------------------------------------

--
-- Table structure for table `tbl_notices`
--

CREATE TABLE `tbl_notices` (
  `id` int(11) NOT NULL,
  `notice1` varchar(1000) NOT NULL,
  `notice2` varchar(5000) NOT NULL,
  `notice3` varchar(5000) NOT NULL,
  `oldBook_id` int(30) NOT NULL
) ENGINE=InnoDB DEFAULT CHARSET=latin1;

--
-- Dumping data for table `tbl_notices`
--

INSERT INTO `tbl_notices` (`id`, `notice1`, `notice2`, `notice3`, `oldBook_id`) VALUES
(4, 'a', 's', 'd', 4),
(5, 'adsa', '', '', 4),
(8, 'ok', '', '', 1),
(9, '', '', '', 2),
(10, 'zahir', 'mahmud', '', 10);

-- --------------------------------------------------------

--
-- Table structure for table `tbl_oldbooks`
--

CREATE TABLE `tbl_oldbooks` (
  `id` int(11) NOT NULL,
  `city` varchar(100) NOT NULL,
  `area` varchar(100) NOT NULL,
  `title` varchar(200) NOT NULL,
  `description` varchar(6000) NOT NULL,
  `phone_number` varchar(30) NOT NULL,
  `price` varchar(20) NOT NULL,
  `image_name` varchar(200) NOT NULL,
  `added_date` varchar(30) NOT NULL,
  `user_id` int(11) NOT NULL,
  `status` varchar(30) NOT NULL
) ENGINE=InnoDB DEFAULT CHARSET=latin1;

--
-- Dumping data for table `tbl_oldbooks`
--

INSERT INTO `tbl_oldbooks` (`id`, `city`, `area`, `title`, `description`, `phone_number`, `price`, `image_name`, `added_date`, `user_id`, `status`) VALUES
(1, 'Dhaka', 'Gulshan', 'first add ever edited 2', 'nice book', '016727272777', '2133', '5cb2179c28ce44.63352505.jpg', '21/04/19 09:40AM', 9, 'pending'),
(2, 'dhaka', 'mirpur', 'book_testt', 'best description', '01673473636', '1200', '5cb202fc925ce5.03354291.jpg', '21/04/19 09:50AM', 9, 'pending'),
(3, 'Chittagong', 'Agrabad', 'book_test1123', 'best description1', '01673746433', '5008', '5cb2eea10554a2.58958155.jpg', '21/04/19 08:20AM', 9, 'reviewed'),
(4, 'dhaka', 'mirpur', 'book_test_review', 'best description', '01728372722', '1200', '5cb202fc925ce5.03354291.jpg', '21/04/19 08:23AM', 9, 'reviewed'),
(5, 'dhaka', 'kuril', 'book_test1', 'best description', '0162763367', '1200', '5cb202fc925ce5.03354291.jpg', '', 8, 'reviewed'),
(6, 'dhaka', 'banani', 'book_test2', 'best description', '0162763367', '14000', '5cb202fc925ce5.03354291.jpg', '', 8, 'reviewed'),
(7, 'Chittagong', 'Oxygen Mor', 'book_test3', 'best description', '0162763367', '1200', '5cb202fc925ce5.03354291.jpg', '', 8, 'reviewed'),
(9, 'Dhaka', 'Gulshan', 'tasas', 'asdfasdf', '01728372722', '213123', '', '14/04/19 10:02AM', 8, ''),
(10, 'Chittagong', 'Oxygen Mor', 'Booksssss', 'nice booksssss', '01728372722', '1233', '5cb32d9cade719.09493363.jpg', '28/04/19 05:35AM', 9, 'pending'),
(11, 'Chittagong', 'Pahartoli', 'fasdfadfs', 'asdfasdfas', '01728372722', '123', '5cb32e142926d8.99024936.png', '14/04/19 14:56PM', 8, 'reviewed'),
(12, 'dhaka', 'mirpur', 'book_test', 'best description', '0162763367', '1200', '5cb202fc925ce5.03354291.jpg', '14/04/19 16:38PM', 8, 'reviewed'),
(13, 'dhaka', 'mirpur', 'book_test', 'best description', '0162763367', '1200', '5cb202fc925ce5.03354291.jpg', '', 8, 'reviewed'),
(15, 'dhaka', 'mirpur', 'book_test', 'best description', '0162763367', '1200', '5cb202fc925ce5.03354291.jpg', '', 8, 'reviewed'),
(16, 'dhaka', 'mirpur', 'book_test', 'best description', '0162763367', '1200', '5cb202fc925ce5.03354291.jpg', '', 8, 'reviewed'),
(17, 'dhaka', 'mirpur', 'book_test', 'best description', '0162763367', '1200', '5cb202fc925ce5.03354291.jpg', '', 8, 'reviewed'),
(18, 'dhaka', 'mirpur', 'book_test21', 'best description', '0162763367', '1200', '5cb202fc925ce5.03354291.jpg', '', 8, 'reviewed'),
(19, 'dhaka', 'mirpur', 'book_test22', 'best description', '0162763367', '1200', '5cb202fc925ce5.03354291.jpg', '15/04/19 11:38PM', 8, 'reviewed'),
(20, 'dhaka', 'mirpur', 'book_test23', 'best description', '0162763367', '1200', '5cb202fc925ce5.03354291.jpg', '', 8, 'reviewed'),
(21, 'dhaka', 'mirpur', 'book_test24', 'best description', '0162763367', '1200', '5cb202fc925ce5.03354291.jpg', '', 8, 'reviewed'),
(22, 'dhaka', 'mirpur', 'book_test25', 'best description', '0162763367', '1200', '5cb202fc925ce5.03354291.jpg', '', 8, 'reviewed'),
(23, 'dhaka', 'mirpur', 'book_test26', 'best description', '0162763367', '1200', '5cb202fc925ce5.03354291.jpg', '', 8, 'reviewed'),
(24, 'dhaka', 'Gulshan', 'book_test27', 'best description', '0162763367', '12300', '5cb202fc925ce5.03354291.jpg', '', 8, 'reviewed'),
(25, 'dhaka', 'gulshan', 'book_test28', 'adsfafsdf', '0162763367', '1200', '5cb202fc925ce5.03354291.jpg', '', 8, 'reviewed'),
(26, 'dhaka', 'mirpur', 'book_test29', 'best description', '0162763367', '1200', '5cb202fc925ce5.03354291.jpg', '', 8, 'reviewed'),
(27, 'dhaka', 'mirpur', 'book_test30', 'best description', '0162763367222', '1200', '5cb202fc925ce5.03354291.jpg', '28/04/19 09:49AM', 8, 'Edited'),
(28, 'dhaka', 'mirpur', 'book_test31', 'best description', '0162763367', '1200', '5cb202fc925ce5.03354291.jpg', '', 8, 'underReview'),
(29, 'dhaka', 'mirpur', 'book_test32', 'best description', '0162763367', '1200', '5cb202fc925ce5.03354291.jpg', '', 8, 'underReview'),
(30, 'dhaka', 'mirpur', 'book_test33', 'best description', '0162763367', '1200', '5cb202fc925ce5.03354291.jpg', '', 8, 'underReview'),
(31, 'dhaka', 'mirpur', 'book_test34', 'best description', '0162763367', '1200', '5cb202fc925ce5.03354291.jpg', '', 8, 'underReview'),
(33, 'dhaka', 'mirpur', 'book_test36', 'best description', '0162763367', '1200', '5cb202fc925ce5.03354291.jpg', '', 8, 'reviewed'),
(34, 'chittagong', 'Pahartoli', 'book_test', 'best description', '0162763367', '1200', '5cb202fc925ce5.03354291.jpg', '', 8, 'reviewed'),
(35, 'dhaka', 'mirpur', 'book_test', 'best description', '0162763367', '1200', '5cb202fc925ce5.03354291.jpg', '', 8, 'reviewed'),
(40, 'dhaka', 'mirpur', 'book_test', 'best description', '0162763367', '1200', '5cb202fc925ce5.03354291.jpg', '', 8, 'reviewed'),
(41, 'dhaka', 'mirpur', 'book_test', 'best description', '0162763367', '1200', '5cb202fc925ce5.03354291.jpg', '', 8, 'reviewed'),
(42, 'dhaka', 'mirpur', 'book_test', 'best description', '0162763367', '1200', '5cb202fc925ce5.03354291.jpg', '', 8, 'reviewed'),
(43, 'dhaka', 'mirpur', 'book_test', 'best description', '0162763367', '1200', '5cb202fc925ce5.03354291.jpg', '', 8, 'reviewed'),
(44, '', '', '', '', '', '', '', '28/04/19 09:29AM', 8, 'underReview'),
(45, '', '', '', '', '', '', '', '28/04/19 09:30AM', 8, 'underReview'),
(46, 'Dhaka', 'banani', 'sdfasfd', 'asfsadfasdf11', '12222211212', '1111111', '', '28/04/19 09:34AM', 8, 'underReview'),
(47, 'Chittagong', 'oxygen Mor', 'asdfsadf', 'asdfasdf', '43233433233', '2222222222', '5cc557d7dd1a42.19439445.jpg', '28/04/19 09:35AM', 8, 'underReview'),
(48, '', '', '', '', '', '', '', '28/04/19 09:38AM', 8, 'underReview'),
(49, '', '', '', '', '', '', '', '28/04/19 09:39AM', 8, 'underReview'),
(50, '', '', '', '', '', '', '', '28/04/19 09:40AM', 8, 'underReview'),
(51, '', '', '', '', '', '', '', '28/04/19 09:41AM', 8, 'underReview'),
(52, 'Chittagong', 'agrabad', 'medical shop', 'sdfasdfasdf', '12312312311', '1111111', '', '28/04/19 09:43AM', 8, 'underReview'),
(53, 'Dhaka', 'banani', 'yoyoyoy', 'asdfasdfasfdasdf', '12122222222', '234234', '', '28/04/19 09:44AM', 8, 'underReview'),
(54, 'Chittagong', 'agrabad', 'rrrrrrrrrr', 'sdfasf', '12222222222', '11111111111', '5cc55a1ac25db0.47735765.jpg', '28/04/19 09:45AM', 8, 'underReview');

-- --------------------------------------------------------

--
-- Table structure for table `tbl_users`
--

CREATE TABLE `tbl_users` (
  `id` int(11) NOT NULL,
  `name` varchar(50) NOT NULL,
  `email` varchar(50) NOT NULL,
  `password` varchar(50) NOT NULL,
  `phone_number` varchar(50) NOT NULL,
  `address` varchar(200) NOT NULL,
  `gender` varchar(10) NOT NULL,
  `date_of_birth` varchar(20) NOT NULL,
  `added_date` varchar(30) NOT NULL,
  `flag` int(5) NOT NULL,
  `modified_date` varchar(20) NOT NULL
) ENGINE=InnoDB DEFAULT CHARSET=latin1;

--
-- Dumping data for table `tbl_users`
--

INSERT INTO `tbl_users` (`id`, `name`, `email`, `password`, `phone_number`, `address`, `gender`, `date_of_birth`, `added_date`, `flag`, `modified_date`) VALUES
(7, 'admin a', 'hridoy.9@gmail.com', '@22222222', '01783737377', 'mirpur', 'male', '12/12/1996', '17/03/19 16:44PM', 2, '28/04/19 10:33AM'),
(8, 'customer a', 'customer@gmail.com', '@22222222', '01783737377', 'mirpur', 'male', '12/12/1996', '22/03/19 18:09PM', 3, '28/04/19 10:41AM'),
(9, 'admin a', 'admin@gmail.com', '@22222222', '01783737377', 'mirpur', 'male', '12/12/1996', '22/03/2019', 1, '28/04/19 10:33AM'),
(11, 'admin a', 'b@gmail.com', '@22222222', '01783737377', 'mirpur', 'male', '//', '21/04/19 20:37PM', 3, '28/04/19 10:33AM'),
(12, 'admin a', '', '@22222222', '01783737377', 'mirpur', 'female', '//', '21/04/19 20:53PM', 2, '28/04/19 10:33AM'),
(13, 'admin a', '', '@22222222', '01783737377', 'mirpur', '', '//', '21/04/19 20:59PM', 2, '28/04/19 10:33AM'),
(14, 'admin a', '', '@22222222', '01783737377', 'mirpur', '', '//', '21/04/19 21:01PM', 2, '28/04/19 10:33AM'),
(15, 'admin a', '', '@22222222', '01783737377', 'mirpur', 'male', '//', '21/04/19 21:01PM', 2, '28/04/19 10:33AM'),
(23, 'admin a', 'asdf a', '@22222222', '01783737377', 'mirpur', '', '', '21/04/19 21:33PM', 2, '28/04/19 10:33AM'),
(24, 'admin a', 'asdf a', '@22222222', '01783737377', 'mirpur', '', '', '21/04/19 21:35PM', 2, '28/04/19 10:33AM'),
(29, 'admin a', 'asdf', '@22222222', '01783737377', 'mirpur', '', '//', '21/04/19 23:05PM', 2, '28/04/19 10:33AM'),
(30, 'admin a', 'asdf', '@22222222', '01783737377', 'mirpur', '', '//', '21/04/19 23:05PM', 2, '28/04/19 10:33AM'),
(31, 'admin a', 'asdf', '@22222222', '01783737377', 'mirpur', '', '//', '21/04/19 23:05PM', 2, '28/04/19 10:33AM'),
(32, 'admin a', 'asdf', '@22222222', '01783737377', 'mirpur', 'male', 'asdf/asdf/asdf', '21/04/19 23:06PM', 2, '28/04/19 10:33AM'),
(33, 'admin a', 'asdf', '@22222222', '01783737377', 'mirpur', '', '//', '21/04/19 23:19PM', 2, '28/04/19 10:33AM'),
(34, 'admin a', 'asd', '@22222222', '01783737377', 'mirpur', '', '//', '21/04/19 23:19PM', 2, '28/04/19 10:33AM'),
(35, 'admin a', 'asd', '@22222222', '01783737377', 'mirpur', 'male', 'sad/asd/asd', '21/04/19 23:20PM', 2, '28/04/19 10:33AM'),
(36, 'admin a', 'admin@gmail.com', '@22222222', '01783737377', 'mirpur', 'male', '12/12/1996', '23/04/19 13:55PM', 2, '28/04/19 10:33AM'),
(37, 'admin a', '', '@22222222', '01783737377', 'mirpur', '', '//', '23/04/19 13:56PM', 2, '28/04/19 10:33AM'),
(38, 'admin a', '', '@22222222', '01783737377', 'mirpur', '', '//', '23/04/19 13:57PM', 2, '28/04/19 10:33AM'),
(39, 'admin a', 'admin@gmail.com', '@22222222', '01783737377', 'mirpur', 'male', '12/12/1996', '23/04/19 13:57PM', 2, '28/04/19 10:33AM'),
(40, 'admin a', 'admin@gmail.com', '@22222222', '01783737377', 'mirpur', 'male', '12//', '23/04/19 13:57PM', 2, '28/04/19 10:33AM'),
(41, 'admin a', 'admin@gmail.com', '@22222222', '01783737377', 'mirpur', '', '//', '23/04/19 13:58PM', 2, '28/04/19 10:33AM'),
(42, 'admin a', 'admin@gmail.com', '@22222222', '01783737377', 'mirpur', 'male', '12//', '23/04/19 13:58PM', 2, '28/04/19 10:33AM'),
(43, 'admin a', 'admin@gmail.com', '@22222222', '01783737377', 'mirpur', 'male', '12//', '23/04/19 13:59PM', 2, '28/04/19 10:33AM'),
(44, 'admin a', 'admin@gmail.com', '@22222222', '01783737377', 'mirpur', 'male', '12/12/1996', '23/04/19 13:59PM', 2, '28/04/19 10:33AM'),
(45, 'admin a', 'rakib@gmail.com', '@22222222', '01783737377', 'mirpur', 'male', '12/12/1996', '23/04/19 14:01PM', 2, '28/04/19 10:33AM'),
(46, 'admin a', 'argho@gmail.com', '@22222222', '01783737377', 'mirpur', 'male', '12/12/fasdf', '27/04/19 17:22PM', 3, '28/04/19 10:33AM'),
(47, 'admin a', 'talat@gamil.com', '@22222222', '01783737377', 'mirpur', 'male', '12/12/1996', '27/04/19 17:26PM', 3, '28/04/19 10:33AM');

--
-- Indexes for dumped tables
--

--
-- Indexes for table `cart`
--
ALTER TABLE `cart`
  ADD PRIMARY KEY (`id`);

--
-- Indexes for table `newbooks`
--
ALTER TABLE `newbooks`
  ADD PRIMARY KEY (`id`);

--
-- Indexes for table `orders`
--
ALTER TABLE `orders`
  ADD PRIMARY KEY (`id`);

--
-- Indexes for table `tbl_notices`
--
ALTER TABLE `tbl_notices`
  ADD PRIMARY KEY (`id`);

--
-- Indexes for table `tbl_oldbooks`
--
ALTER TABLE `tbl_oldbooks`
  ADD PRIMARY KEY (`id`);

--
-- Indexes for table `tbl_users`
--
ALTER TABLE `tbl_users`
  ADD PRIMARY KEY (`id`);

--
-- AUTO_INCREMENT for dumped tables
--

--
-- AUTO_INCREMENT for table `cart`
--
ALTER TABLE `cart`
  MODIFY `id` int(10) NOT NULL AUTO_INCREMENT;

--
-- AUTO_INCREMENT for table `newbooks`
--
ALTER TABLE `newbooks`
  MODIFY `id` int(10) NOT NULL AUTO_INCREMENT, AUTO_INCREMENT=9;

--
-- AUTO_INCREMENT for table `orders`
--
ALTER TABLE `orders`
  MODIFY `id` int(100) NOT NULL AUTO_INCREMENT, AUTO_INCREMENT=16;

--
-- AUTO_INCREMENT for table `tbl_notices`
--
ALTER TABLE `tbl_notices`
  MODIFY `id` int(11) NOT NULL AUTO_INCREMENT, AUTO_INCREMENT=11;

--
-- AUTO_INCREMENT for table `tbl_oldbooks`
--
ALTER TABLE `tbl_oldbooks`
  MODIFY `id` int(11) NOT NULL AUTO_INCREMENT, AUTO_INCREMENT=55;

--
-- AUTO_INCREMENT for table `tbl_users`
--
ALTER TABLE `tbl_users`
  MODIFY `id` int(11) NOT NULL AUTO_INCREMENT, AUTO_INCREMENT=48;
COMMIT;

/*!40101 SET CHARACTER_SET_CLIENT=@OLD_CHARACTER_SET_CLIENT */;
/*!40101 SET CHARACTER_SET_RESULTS=@OLD_CHARACTER_SET_RESULTS */;
/*!40101 SET COLLATION_CONNECTION=@OLD_COLLATION_CONNECTION */;
